"id","relative_path","category","trigger_or_use","spoken_content","source_file","source_start_seconds","source_end_seconds","duration_seconds","trigger_id","playback_mode","variant_group","variant_policy","sequence_position","event_branch","usage_status","playback_notes"
"FAAS-001","01_Startup_Sequence/STARTUP_BEGIN_A_01_sequence_initiated.mp3","01_Startup_Sequence","Startup begins","Dark Matter Reactor core startup sequence initiated.","QSERF Voice Lines II FAAS StartupAuto. - K D (192k).mp3","19.940","22.770","2.830","startup_requested","sequence","startup_vacate","random_one_sequence","1","startup","available_variant",""
"FAAS-002","01_Startup_Sequence/STARTUP_BEGIN_A_02_vacate_immediately.mp3","01_Startup_Sequence","Startup safety call","Please vacate the core chamber immediately.","QSERF Voice Lines II FAAS StartupAuto. - K D (192k).mp3","23.180","25.680","2.500","startup_requested","sequence","startup_vacate","random_one_sequence","2","startup","available_variant",""
"FAAS-003","01_Startup_Sequence/STARTUP_BEGIN_B_ignition_initialized_vacate_at_this_time.mp3","01_Startup_Sequence","Ignition initialization","Attention, Dark Matter Reactor core ignition sequence initialized. Please vacate the core chamber at this time.","QSERF Voice Lines II FAAS StartupAuto. - K D (192k).mp3","30.600","36.760","6.160","startup_requested","single","startup_vacate","random_one_sequence","1","startup","available_variant",""
"FAAS-004","01_Startup_Sequence/COMBUSTION_INTAKE_OPENING.mp3","01_Startup_Sequence","Valve opening","Opening combustion intake valves.","QSERF Voice Lines II FAAS StartupAuto. - K D (192k).mp3","5.230","7.700","2.470","combustion_intake_opening","single","","none","","startup","triggered",""
"FAAS-005","01_Startup_Sequence/POWER_LASERS_ACTIVATING.mp3","01_Startup_Sequence","Power-laser activation","Activating power lasers.","QSERF Voice Lines II FAAS StartupAuto. - K D (192k).mp3","2.100","3.990","1.890","power_lasers_activating","single","","none","","startup","triggered",""
"FAAS-006","01_Startup_Sequence/POWER_LASERS_ONLINE.mp3","01_Startup_Sequence","Power lasers ready","Power lasers online.","QSERF Voice Lines II FAAS StartupAuto. - K D (192k).mp3","37.770","39.810","2.040","power_lasers_online","single","","none","","startup","triggered",""
"FAAS-007","01_Startup_Sequence/GRAVITATIONAL_LASERS_ONLINE.mp3","01_Startup_Sequence","Gravitational lasers ready","Gravitational lasers online.","QSERF Voice Lines II FAAS StartupAuto. - K D (192k).mp3","26.910","29.450","2.540","gravitational_lasers_online","single","","none","","startup","triggered",""
"FAAS-008","01_Startup_Sequence/SUPERSTRUCTURE_RAISING.mp3","01_Startup_Sequence","Superstructure begins raising","Raising core superstructure to center position.","QSERF Voice Lines II FAAS StartupAuto. - K D (192k).mp3","41.080","44.320","3.240","superstructure_raise_started","single","","none","","startup","triggered",""
"FAAS-009","01_Startup_Sequence/SUPERSTRUCTURE_CENTERED.mp3","01_Startup_Sequence","Superstructure centered","The Dark Matter Reactor superstructure has been raised to center position.","QSERF Voice Lines II FAAS StartupAuto. - K D (192k).mp3","14.750","18.610","3.860","superstructure_centered","single","","none","","startup","triggered",""
"FAAS-010","01_Startup_Sequence/STARTUP_COMPLETED.mp3","01_Startup_Sequence","Startup complete","Dark Matter Reactor core startup sequence completed.","QSERF Voice Lines II FAAS StartupAuto. - K D (192k).mp3","8.360","11.150","2.790","startup_completed","sequence","","none","1","startup","triggered",""
"FAAS-011","01_Startup_Sequence/REACTOR_CORE_ONLINE.mp3","01_Startup_Sequence","Reactor becomes active","Reactor core online.","QSERF Voice Lines II FAAS StartupAuto. - K D (192k).mp3","11.470","13.680","2.210","startup_completed","sequence","","none","2","startup","triggered",""
"FAAS-012","02_Reactor_Warnings/TEMP_01_core_temperature_outside_safe_parameters.mp3","02_Reactor_Warnings","Temperature warning","Attention, core temperature is exceeding outside of safe operating parameters.","QSERF Voice Lines II FAAS Warning. - K D (192k).mp3","19.940","24.970","5.030","","on_trigger","","none","","","available",""
"FAAS-013","02_Reactor_Warnings/TEMP_02_core_temperatures_exceeding_safe_levels.mp3","02_Reactor_Warnings","Higher temperature warning","Attention, Dark Matter Reactor core temperatures are exceeding safe levels. Please activate the thermal systems immediately.","QSERF Voice Lines II FAAS Warning. - K D (192k).mp3","25.780","33.090","7.310","","on_trigger","","none","","","available",""
"FAAS-014","02_Reactor_Warnings/STRUCT_01_integrity_75_percent.mp3","02_Reactor_Warnings","Integrity falls to 75 percent","Attention, core structural integrity at 75 percent.","QSERF Voice Lines II FAAS Warning. - K D (192k).mp3","12.040","16.390","4.350","","on_trigger","","none","","","available",""
"FAAS-015","02_Reactor_Warnings/STRUCT_02_integrity_50_percent.mp3","02_Reactor_Warnings","Integrity falls to 50 percent","Attention, core structural integrity at 50 percent.","QSERF Voice Lines II FAAS Warning. - K D (192k).mp3","7.120","11.350","4.230","","on_trigger","","none","","","available",""
"FAAS-016","02_Reactor_Warnings/STRUCT_03_integrity_25_percent.mp3","02_Reactor_Warnings","Integrity falls to 25 percent","Attention, core structural integrity at 25 percent.","QSERF Voice Lines II FAAS Warning. - K D (192k).mp3","1.570","6.350","4.780","","on_trigger","","none","","","available",""
"FAAS-017","02_Reactor_Warnings/STRUCT_04_integrity_dropping_engage_thermal.mp3","02_Reactor_Warnings","Rapid integrity loss","Dark Matter Reactor superstructure integrity dropping. Engage thermal systems immediately.","QSERF Voice Lines II FAAS Warning. - K D (192k).mp3","42.660","48.370","5.710","","on_trigger","","none","","","available",""
"FAAS-018","02_Reactor_Warnings/STRUCT_05_below_safe_parameters_shutdown.mp3","02_Reactor_Warnings","Unsafe integrity","Warning. Core structural integrity is below safe operating parameters. Please shut down the reactor and engage the automated maintenance system.","QSERF Voice Lines II FAAS Warning. - K D (192k).mp3","34.100","42.660","8.560","","on_trigger","","none","","","available",""
"FAAS-019","02_Reactor_Warnings/STRUCT_06_damage_detected.mp3","02_Reactor_Warnings","Generic damage flag","Damage detected.","QSERF Voice Lines II FAAS Warning. - K D (192k).mp3","17.420","18.670","1.250","","on_trigger","","none","","","available",""
"FAAS-020","03_Maintenance/01_reactor_resuming_normal_operations.mp3","03_Maintenance","Maintenance exit / restart","Dark Matter Reactor resuming normal operations.","QSERF Voice Lines II FAAS Maintenance. - K D (192k).mp3","0.000","11.490","11.490","","on_trigger","","none","","","available",""
"FAAS-021","03_Maintenance/02_fuel_capsule_replacement_required.mp3","03_Maintenance","Fuel capsule service required","Attention, the Dark Matter Reactor combustion chamber requires a fuel capsule replacement.","QSERF Voice Lines II FAAS Maintenance. - K D (192k).mp3","11.800","16.710","4.910","","on_trigger","","none","","","available",""
"FAAS-022","03_Maintenance/03_fuel_capsule_replacement_completed.mp3","03_Maintenance","Fuel capsule service complete","Dark Matter fuel capsule replacement completed.","QSERF Voice Lines II FAAS Maintenance. - K D (192k).mp3","17.020","19.590","2.570","","on_trigger","","none","","","available",""
"FAAS-023","03_Maintenance/FUEL_01_fuel_cells_nearing_depletion.mp3","03_Maintenance","Early fuel warning","Fuel cells nearing depletion.","QSERF Voice Lines II FAAS Maintenance. - K D (192k).mp3","33.950","35.740","1.790","","on_trigger","","none","","","available",""
"FAAS-024","03_Maintenance/FUEL_02_fuel_cell_capacity_low.mp3","03_Maintenance","Low fuel warning","Attention, fuel cell capacity low.","QSERF Voice Lines II FAAS Maintenance. - K D (192k).mp3","30.190","32.700","2.510","","on_trigger","","none","","","available",""
"FAAS-025","03_Maintenance/FUEL_03_fuel_cells_depleted_replace_immediately.mp3","03_Maintenance","Fuel depleted","Attention, fuel cells depleted. Please engage maintenance mode and replace the fuel cells immediately.","QSERF Voice Lines II FAAS Maintenance. - K D (192k).mp3","22.410","29.080","6.670","","on_trigger","","none","","","available",""
"FAAS-026","03_Maintenance/STATE_locked.mp3","03_Maintenance","Modular lock status","Locked.","QSERF Voice Lines II FAAS Maintenance. - K D (192k).mp3","36.970","37.500","0.530","","on_trigger","","none","","","available",""
"FAAS-027","03_Maintenance/STATE_maintenance_mode_entered.mp3","03_Maintenance","Maintenance mode active","Attention, Dark Matter Reactor has now entered maintenance mode.","QSERF Voice Lines II FAAS Maintenance. - K D (192k).mp3","39.180","43.430","4.250","","on_trigger","","none","","","available",""
"FAAS-028","03_Maintenance/STATE_maintenance_completed_restart.mp3","03_Maintenance","Maintenance complete","Maintenance completed. Please restart the Dark Matter Reactor.","QSERF Voice Lines II FAAS Maintenance. - K D (192k).mp3","44.270","48.730","4.460","","on_trigger","","none","","","available",""
"FAAS-029","03_Maintenance/STATE_unlocked.mp3","03_Maintenance","Modular unlock status","Unlocked.","QSERF Voice Lines II FAAS Maintenance. - K D (192k).mp3","50.240","51.020","0.780","","on_trigger","","none","","","available",""
"FAAS-030","04_Emergency/01_superstructure_integrity_dangerous_evacuate_civilians.mp3","04_Emergency","Integrity emergency","Dark Matter Reactor superstructure integrity has exceeded dangerous levels. All civilians within the facility, please evacuate.","QSERF Voice Lines II FAAS Emergency. - K D (192k).mp3","0.940","8.420","7.480","","on_trigger","","none","","","available",""
"FAAS-031","04_Emergency/02_reactor_operations_evacuate_immediately.mp3","04_Emergency","Operations evacuation","Attention, Dark Matter Reactor operations team, please evacuate the facility immediately.","QSERF Voice Lines II FAAS Emergency. - K D (192k).mp3","9.320","15.470","6.150","","on_trigger","","none","","","available",""
"FAAS-032","04_Emergency/BLAST_01_closing_in_1_minute_lockdown.mp3","04_Emergency","Lockdown starts","Attention, lockdown protocol now active. Blast doors closing in T-minus one minute.","QSERF Voice Lines II FAAS Emergency. - K D (192k).mp3","33.810","41.010","7.200","","on_trigger","","none","","","available",""
"FAAS-033","04_Emergency/BLAST_02_closing_in_30_seconds.mp3","04_Emergency","30-second blast-door warning","Attention, blast doors closing in T-minus 30 seconds.","QSERF Voice Lines II FAAS Emergency. - K D (192k).mp3","22.380","27.450","5.070","","on_trigger","","none","","","available",""
"FAAS-034","04_Emergency/BLAST_03_closing_in_10_seconds.mp3","04_Emergency","10-second blast-door warning","Attention, blast doors closing in T-minus 10 seconds.","QSERF Voice Lines II FAAS Emergency. - K D (192k).mp3","16.400","21.590","5.190","","on_trigger","","none","","","available",""
"FAAS-035","04_Emergency/BLAST_04_doors_closing_stand_clear.mp3","04_Emergency","Blast doors move","Attention, blast doors closing. Please stand clear of the doors.","QSERF Voice Lines II FAAS Emergency. - K D (192k).mp3","28.290","33.070","4.780","","on_trigger","","none","","","available",""
"FAAS-036","04_Emergency/05_scientific_personnel_11_minute_evacuation.mp3","04_Emergency","Timed evacuation","Warning, all facility scientific personnel, please evacuate immediately. You have 11 minutes to reach minimum safe distance.","QSERF Voice Lines II FAAS Emergency. - K D (192k).mp3","42.190","51.320","9.130","","on_trigger","","none","","","available",""
"FAAS-037","04_Emergency/06_integrity_monitor_failure_code_red.mp3","04_Emergency","Integrity monitoring failure","Attention, Dark Matter Reactor integrity monitoring system failure preemption protocol initiated. Engaging Code Red emergency.","QSERF Voice Lines II FAAS Emergency. - K D (192k).mp3","51.810","59.800","7.990","","on_trigger","","none","","","available",""
"FAAS-038","04_Emergency/07_radiation_leak_seal_doors_find_shelter.mp3","04_Emergency","Radiation leak / sealing","Attention all personnel, high amounts of radiation are leaking from the core chamber. Facility doors are being sealed. Get to the nearest blast shelter immediately.","QSERF Voice Lines II FAAS Emergency. - K D (192k).mp3","61.810","76.390","14.580","","on_trigger","","none","","","available",""
"FAAS-039","04_Emergency/08_operations_attempt_shutdown_only_warning.mp3","04_Emergency","Mandatory shutdown attempt","Attention reactor operations control room personnel, attempt a reactor shutdown before evacuating. Attempting to flee will result in termination on site. This is your only warning.","QSERF Voice Lines II FAAS Emergency. - K D (192k).mp3","77.170","92.110","14.940","","on_trigger","","none","","","available",""
"FAAS-040","04_Emergency/09_code_red_override_evacuate_not_a_drill.mp3","04_Emergency","Code Red override","Attention all personnel, Code Red initiated. Lockdown overridden with designation Code Bravo-Niner. Proceed to the Tartarus Zone for evacuation immediately. This is not a drill.","QSERF Voice Lines II FAAS Emergency. - K D (192k).mp3","93.440","111.320","17.880","","on_trigger","","none","","","available",""
"FAAS-041","04_Emergency/10_last_chance_combustion_stall_instructions.mp3","04_Emergency","Last-chance manual shutdown","Attention reactor operations personnel, last chance combustion stall shutdown instructions. Eject all fuel cells within one to three seconds of each other. You have one minute.","QSERF Voice Lines II FAAS Emergency. - K D (192k).mp3","111.990","136.560","24.570","","on_trigger","","none","","","available",""
"FAAS-042","05_Warhead/TRIGGER_PROTOCOL_ACTIVATED.mp3","05_Warhead","Protocol activation","Attention all facility personnel. Protocol Salutum has been activated. Prepare for emergency evacuation. This is not a drill.","QSERF Voice Lines II Audios HumanAnnouncements Warhead. - K D (192k).mp3","76.760","93.000","16.240","protocol_saletum_activated","single","","none","","warhead","triggered",""
"FAAS-043","05_Warhead/TRIGGER_PRIMING_STARTED_T40.mp3","05_Warhead","Detonation signal","Attention all bottom-side QSERF personnel. Signal received to begin the Protocol Salutum detonation sequence. Warheads will be primed in T-minus 40 seconds.","QSERF Voice Lines II Audios HumanAnnouncements Warhead. - K D (192k).mp3","116.000","131.770","15.770","warhead_priming_started","single","","none","","warhead_priming","triggered",""
"FAAS-044","05_Warhead/TRIGGER_WARHEAD_PRIMED_READY.mp3","05_Warhead","Warhead ready","Attention all QSERF personnel. The warhead is ready for detonation. Bottom-side personnel, evacuate to the Tartarus Zone immediately.","QSERF Voice Lines II Audios HumanAnnouncements Warhead. - K D (192k).mp3","94.510","115.900","21.390","warhead_primed","single","","none","","warhead_primed","triggered",""
"FAAS-045","05_Warhead/TRIGGER_DETONATION_AUTHORIZED.mp3","05_Warhead","Detonation authorization","Attention all facility personnel. Bottom-side warhead control room has authorized detonation of the facility. The warhead detonation sequence has been engaged.","QSERF Voice Lines II Audios HumanAnnouncements Warhead. - K D (192k).mp3","36.610","52.500","15.890","warhead_detonation_authorized","single","","none","","warhead_detonation","triggered",""
"FAAS-046","05_Warhead/TRIGGER_TIMER_T200.mp3","05_Warhead","200-second warning","Attention, warhead detonation in T-minus 200 seconds. Repeated.","QSERF Voice Lines II Audios HumanAnnouncements Warhead. - K D (192k).mp3","2.770","18.660","15.890","warhead_timer_200","single","","none","","warhead_countdown","triggered",""
"FAAS-047","05_Warhead/TRIGGER_TIMER_T60.mp3","05_Warhead","60-second warning","Attention all facility personnel, warhead detonation in T-minus 60 seconds. Repeated.","QSERF Voice Lines II Audios HumanAnnouncements Warhead. - K D (192k).mp3","20.800","36.270","15.470","warhead_timer_60","single","","none","","warhead_countdown","triggered",""
"FAAS-048","05_Warhead/TRIGGER_TIMER_T30_FULL_COUNTDOWN.mp3","05_Warhead","Final 30-second countdown","Attention all facility personnel, warheads will detonate in T-minus 30 seconds, followed by the full countdown to one.","QSERF Voice Lines II Audios HumanAnnouncements Warhead. - K D (192k).mp3","133.240","175.790","42.550","warhead_timer_30","single","","none","","warhead_countdown","triggered",""
"FAAS-049","05_Warhead/TRIGGER_WARHEAD_CANCELLED.mp3","05_Warhead","Cancellation / all clear","Attention all bottom-side QSERF personnel. Protocol Salutum has been disengaged and disabled. Evacuation is no longer mandatory. Resume normal operations.","QSERF Voice Lines II Audios HumanAnnouncements Warhead. - K D (192k).mp3","53.970","75.860","21.890","warhead_cancelled","single","","none","","warhead_cancel","triggered",""
"FAAS-050","06_Meltdown/TRIGGER_TIMER_T10_explosion_warning.mp3","06_Meltdown","10-minute explosion warning","Danger. Dark Matter Reactor explosion will occur in T-minus 10 minutes.","QSERF Voice Lines II FAAS Meltdown. - K D (192k).mp3","8.880","15.730","6.850","meltdown_timer_10_minutes","single","","none","","meltdown_countdown","triggered",""
"FAAS-051","06_Meltdown/TRIGGER_SHUTDOWN_DEADLINE_T5.mp3","06_Meltdown","Five-minute shutdown deadline","The option to shut down the reactor core will expire in T-minus five minutes.","QSERF Voice Lines II FAAS Meltdown. - K D (192k).mp3","16.170","23.210","7.040","shutdown_window_opened","sequence","shutdown_window_opening","configured_or_random","1","shutdown_window","available_variant",""
"FAAS-052","06_Meltdown/TRIGGER_TIMER_T5_explosion_warning.mp3","06_Meltdown","Five-minute explosion warning","Danger. Dark Matter Reactor explosion will occur in T-minus five minutes.","QSERF Voice Lines II FAAS Meltdown. - K D (192k).mp3","30.950","37.380","6.430","meltdown_timer_5_minutes","single","","none","","meltdown_countdown","triggered",""
"FAAS-053","06_Meltdown/TRIGGER_TIMER_T2_explosion_warning.mp3","06_Meltdown","Two-minute explosion warning","Danger. Dark Matter Reactor explosion will occur in T-minus two minutes.","QSERF Voice Lines II FAAS Meltdown. - K D (192k).mp3","24.210","30.560","6.350","meltdown_timer_2_minutes","single","","none","","meltdown_countdown","triggered",""
"FAAS-054","06_Meltdown/TRIGGER_TIMER_T1_explosion_warning.mp3","06_Meltdown","One-minute explosion warning","Danger. Dark Matter Reactor explosion will occur in T-minus one minute.","QSERF Voice Lines II FAAS Meltdown. - K D (192k).mp3","1.290","7.690","6.400","meltdown_timer_1_minute","single","","none","","meltdown_countdown","triggered",""
"FAAS-055","06_Meltdown/TRIGGER_SHUTDOWN_EXPIRED_ESTIMATING_DESTRUCTION.mp3","06_Meltdown","Shutdown deadline expires","The option to shut down the reactor core has expired. Emergency shutdown system activated. Estimating time of reactor destruction.","QSERF Voice Lines II FAAS Meltdown. - K D (192k).mp3","37.870","47.990","10.120","shutdown_window_expired","single","","none","","meltdown_failure","triggered",""
"FAAS-056","06_Meltdown/FAILURE_01_gravitational_anomaly_detected.mp3","06_Meltdown","Core anomaly","Strong gravitational anomaly detected within the core chamber.","QSERF Voice Lines II FAAS Meltdown. - K D (192k).mp3","60.130","64.130","4.000","","on_trigger","","none","","","available",""
"FAAS-057","06_Meltdown/FAILURE_02_integrity_monitor_reboot_failure_unknown.mp3","06_Meltdown","Integrity monitor failure","Reactor core structural integrity monitoring system failure. Attempting to reboot. Critical error. Reboot failure. Integrity status unknown.","QSERF Voice Lines II FAAS Meltdown. - K D (192k).mp3","65.130","82.760","17.630","","on_trigger","","none","","","available",""
"FAAS-058","06_Meltdown/FAILURE_03_instability_power_fluctuations.mp3","06_Meltdown","Reactor instability","Dark Matter Reactor instability. Power fluctuations may occur.","QSERF Voice Lines II FAAS Meltdown. - K D (192k).mp3","83.820","88.420","4.600","","on_trigger","","none","","","available",""
"FAAS-059","06_Meltdown/FAILURE_04_pressure_purge_ineffective_pressure_rising.mp3","06_Meltdown","Pressure escalation","Dark Matter pressure purging system is ineffective. Pressure continuing to rise. Further degradation of structural integrity may be possible.","QSERF Voice Lines II FAAS Meltdown. - K D (192k).mp3","89.280","98.220","8.940","","on_trigger","","none","","","available",""
"FAAS-060","06_Meltdown/FAILURE_05_pressure_monitor_failure_status_unknown.mp3","06_Meltdown","Pressure monitor failure","Dark Matter Reactor pressure monitoring system failure. Pressure status unknown.","QSERF Voice Lines II FAAS Meltdown. - K D (192k).mp3","99.050","104.130","5.080","","on_trigger","","none","","","available",""
"FAAS-061","06_Meltdown/FAILURE_06_pressure_emergency_release_engaged.mp3","06_Meltdown","Emergency pressure release","Reactor pressure emergency release system engaged.","QSERF Voice Lines II FAAS Meltdown. - K D (192k).mp3","105.050","108.220","3.170","","on_trigger","","none","","","available",""
"FAAS-062","06_Meltdown/FAILURE_07_evacuate_immediately.mp3","06_Meltdown","Facility evacuation","All facility personnel, please evacuate immediately.","QSERF Voice Lines II FAAS Meltdown. - K D (192k).mp3","109.690","114.460","4.770","","on_trigger","","none","","","available",""
"FAAS-063","06_Meltdown/FAILURE_08_superstructure_breach.mp3","06_Meltdown","Superstructure breach","Warning. Dark Matter Reactor superstructure breach detected.","QSERF Voice Lines II FAAS Meltdown. - K D (192k).mp3","147.240","150.550","3.310","","on_trigger","","none","","","available",""
"FAAS-064","06_Meltdown/FAILURE_09_severe_damage_shutting_down.mp3","06_Meltdown","Severe damage","Severe system damage. Shutting down.","QSERF Voice Lines II FAAS Meltdown. - K D (192k).mp3","151.470","154.690","3.220","","on_trigger","","none","","","available",""
"FAAS-065","06_Meltdown/FAILURE_10_instability_portal_power_failure_imminent.mp3","06_Meltdown","Portal power failure","Dark Matter Reactor instability. Portal power failure imminent.","QSERF Voice Lines II FAAS Meltdown. - K D (192k).mp3","156.220","160.300","4.080","","on_trigger","","none","","","available",""
"FAAS-066","06_Meltdown/RECOVERY_01_fuel_ejected_combustion_stalled.mp3","06_Meltdown","Combustion stall succeeds","Reactor fuel cells have been ejected. Internal combustion has been stalled.","QSERF Voice Lines II FAAS Meltdown. - K D (192k).mp3","48.880","53.930","5.050","","on_trigger","","none","","","available",""
"FAAS-067","06_Meltdown/RECOVERY_02_lowering_superstructure_for_maintenance.mp3","06_Meltdown","Post-stall lowering","Lowering core superstructure into holding position for immediate maintenance.","QSERF Voice Lines II FAAS Meltdown. - K D (192k).mp3","54.800","59.250","4.450","","on_trigger","","none","","","available",""
"FAAS-068","06_Meltdown/TRIGGER_SHUTDOWN_OPTION_NOW_ACTIVE.mp3","06_Meltdown","Reactor active state","Dark Matter Reactor is now active.","QSERF Voice Lines II FAAS Meltdown. - K D (192k).mp3","123.810","127.660","3.850","shutdown_window_opened","sequence","shutdown_window_opening","configured_or_random","2","shutdown_window","available_variant",""
"FAAS-069","06_Meltdown/TRIGGER_SHUTDOWN_TEMPERATURE_REQUIREMENT.mp3","06_Meltdown","Combustion stall permissive","Temperature must be below 3000 Kelvin for the combustion stall protocol to engage.","QSERF Voice Lines II FAAS Meltdown. - K D (192k).mp3","128.630","137.070","8.440","shutdown_window_opened","sequence","shutdown_window_opening","configured_or_random","3","shutdown_window","available_variant",""
"FAAS-070","06_Meltdown/RECOVERY_05_shutdown_successful_crisis_averted.mp3","06_Meltdown","Successful shutdown","Emergency shutdown system successful. Crisis averted.","QSERF Voice Lines II FAAS Meltdown. - K D (192k).mp3","137.930","141.740","3.810","","on_trigger","","none","","","available",""
"FAAS-071","06_Meltdown/RECOVERY_06_lowering_reactor_for_maintenance.mp3","06_Meltdown","Post-shutdown maintenance","Dark Matter Reactor lowering into holding chamber for immediate maintenance.","QSERF Voice Lines II FAAS Meltdown. - K D (192k).mp3","142.330","146.630","4.300","","on_trigger","","none","","","available",""
"FAAS-072","07_Facility_System/01_emergency_alarms_on_battery_power.mp3","07_Facility_System","Emergency power switchover","All emergency alarms and alarm lights are now operating on emergency battery power.","QSERF Voice Lines II FAAS New. - K D (192k).mp3","2.810","8.850","6.040","","on_trigger","","none","","","available",""
"FAAS-073","07_Facility_System/02_code_black_evacuate_tartarus.mp3","07_Facility_System","Code Black","Attention all facility personnel, a Code Black directive has been issued. Evacuate to Tartarus Zone immediately.","QSERF Voice Lines II FAAS New. - K D (192k).mp3","9.840","17.160","7.320","","on_trigger","","none","","","available",""
"FAAS-074","07_Facility_System/03_communications_network_down.mp3","07_Facility_System","Communications failure","Communications network down. Attempting to re-establish connection with Eastern Seaboard communications diode.","QSERF Voice Lines II FAAS New. - K D (192k).mp3","17.700","24.710","7.010","","on_trigger","","none","","","available",""
"FAAS-075","07_Facility_System/04_control_system_error.mp3","07_Facility_System","Control system failure","Control system error.","QSERF Voice Lines II FAAS New. - K D (192k).mp3","25.260","26.780","1.520","","on_trigger","","none","","","available",""
"FAAS-076","07_Facility_System/05_reactor_controls_unresponsive.mp3","07_Facility_System","Control-node failure","Reactor controls unresponsive to Dark Matter Reactor primary control node.","QSERF Voice Lines II FAAS New. - K D (192k).mp3","27.640","33.310","5.670","","on_trigger","","none","","","available",""
"FAAS-077","07_Facility_System/06_critical_temperature_levels.mp3","07_Facility_System","Critical temperature","Critical temperature levels.","QSERF Voice Lines II FAAS New. - K D (192k).mp3","34.390","35.800","1.410","","on_trigger","","none","","","available",""
"FAAS-078","07_Facility_System/07_distress_signal_sent.mp3","07_Facility_System","Distress signal","Attention, a distress signal has been sent by reactor operations personnel.","QSERF Voice Lines II FAAS New. - K D (192k).mp3","36.810","41.890","5.080","","on_trigger","","none","","","available",""
"FAAS-079","07_Facility_System/08_automated_management_system_error.mp3","07_Facility_System","Management system error","Facility automated management system error detected.","QSERF Voice Lines II FAAS New. - K D (192k).mp3","45.090","48.730","3.640","","on_trigger","","none","","","available",""
"FAAS-080","07_Facility_System/09_warning.mp3","07_Facility_System","Modular warning word","Warning.","QSERF Voice Lines II FAAS New. - K D (192k).mp3","49.250","49.650","0.400","","on_trigger","","none","","","available",""
"FAAS-081","07_Facility_System/10_facility_integrity_compromised.mp3","07_Facility_System","Facility integrity failure","Facility integrity compromised.","QSERF Voice Lines II FAAS New. - K D (192k).mp3","50.620","52.900","2.280","","on_trigger","","none","","","available",""
"FAAS-082","07_Facility_System/11_seek_shelter_or_evacuate.mp3","07_Facility_System","Shelter / evacuation order","Please enter a safety shelter or evacuate the facility immediately.","QSERF Voice Lines II FAAS New. - K D (192k).mp3","53.160","57.370","4.210","","on_trigger","","none","","","available",""
"FAAS-083","07_Facility_System/12_high_radiation_detected_in.mp3","07_Facility_System","Prefix; append a location asset","Attention. High levels of radiation detected in...","QSERF Voice Lines II FAAS New. - K D (192k).mp3","58.460","62.760","4.300","","on_trigger","","none","","","available",""
"FAAS-084","07_Facility_System/13_maintenance_personnel_report_status.mp3","07_Facility_System","Maintenance status request","Attention, facility maintenance personnel. Please report status immediately.","QSERF Voice Lines II FAAS New. - K D (192k).mp3","68.160","73.160","5.000","","on_trigger","","none","","","available",""
"FAAS-085","07_Facility_System/14_radiation_exceeds_reactor_entry_limits.mp3","07_Facility_System","Reactor chamber radiation","Danger. Radiation levels exceeding maximum safe limits for reactor chamber entry.","QSERF Voice Lines II FAAS New. - K D (192k).mp3","74.180","79.630","5.450","","on_trigger","","none","","","available",""
"FAAS-086","07_Facility_System/15_proceed_to_nearest_shelter.mp3","07_Facility_System","Shelter order","Attention, facility personnel. Please proceed to the nearest shelter immediately.","QSERF Voice Lines II FAAS New. - K D (192k).mp3","81.150","87.530","6.380","","on_trigger","","none","","","available",""
"FAAS-087","07_Facility_System/16_critical_do_not_use_elevator.mp3","07_Facility_System","Elevator prohibition","Attention, facility personnel. Critical: please do not use the elevator.","QSERF Voice Lines II FAAS New. - K D (192k).mp3","88.500","94.020","5.520","","on_trigger","","none","","","available",""
"FAAS-088","07_Facility_System/17_reactor_operations_report_status.mp3","07_Facility_System","Operations status request","Attention, reactor operations personnel. Please report status immediately.","QSERF Voice Lines II FAAS New. - K D (192k).mp3","104.080","109.930","5.850","","on_trigger","","none","","","available",""
"FAAS-089","07_Facility_System/18_emergency_shutdown_failure_keep_evacuating.mp3","07_Facility_System","Shutdown failure","Emergency reactor shutdown failure. Please continue to evacuate the facility. Reactor emergency shutdown failure.","QSERF Voice Lines II FAAS New. - K D (192k).mp3","110.750","119.750","9.000","","on_trigger","","none","","","available",""
"FAAS-090","07_Facility_System/19_temperature_too_high_for_combustion_stall.mp3","07_Facility_System","Combustion stall blocked","Temperature exceeds maximum limits for combustion stall protocol.","QSERF Voice Lines II FAAS New. - K D (192k).mp3","120.140","124.230","4.090","","on_trigger","","none","","","available",""
"FAAS-091","07_Facility_System/20_monitor_failure_cannot_predict_detonation.mp3","07_Facility_System","Detonation timing unavailable","Monitoring system failure. Cannot predict reactor detonation.","QSERF Voice Lines II FAAS New. - K D (192k).mp3","128.240","132.690","4.450","","on_trigger","","none","","","available",""
"FAAS-092","07_Facility_System/21_code_omni_issued.mp3","07_Facility_System","Code Omni","Code Omni has now been issued.","QSERF Voice Lines II FAAS New. - K D (192k).mp3","133.490","136.350","2.860","","on_trigger","","none","","","available",""
"FAAS-093","07_Facility_System/22_lockdown_engages_T2_minutes.mp3","07_Facility_System","Two-minute lockdown warning","Lockdown protocol will engage in T-minus two minutes.","QSERF Voice Lines II FAAS New. - K D (192k).mp3","136.350","142.360","6.010","","on_trigger","","none","","","available",""
"FAAS-094","07_Facility_System/23_turbine_hall_damage_detected.mp3","07_Facility_System","Turbine Hall damage","Attention, damage detected in Turbine Hall.","QSERF Voice Lines II FAAS New. - K D (192k).mp3","146.760","150.810","4.050","","on_trigger","","none","","","available",""
"FAAS-095","07_Facility_System/Locations/entrance_zone.mp3","07_Facility_System","Modular location","Entrance Zone.","QSERF Voice Lines II FAAS New. - K D (192k).mp3","42.910","43.990","1.080","","on_trigger","","none","","","available",""
"FAAS-096","07_Facility_System/Locations/pump_station_alpha.mp3","07_Facility_System","Modular location","Pump Station Alpha.","QSERF Voice Lines II FAAS New. - K D (192k).mp3","95.030","96.500","1.470","","on_trigger","","none","","","available",""
"FAAS-097","07_Facility_System/Locations/reactor_operations_cavern.mp3","07_Facility_System","Modular location","Reactor operations cavern.","QSERF Voice Lines II FAAS New. - K D (192k).mp3","97.370","99.210","1.840","","on_trigger","","none","","","available",""
"FAAS-098","07_Facility_System/Locations/reactor_operations_control_zone.mp3","07_Facility_System","Modular location","Reactor operations control zone.","QSERF Voice Lines II FAAS New. - K D (192k).mp3","100.210","102.360","2.150","","on_trigger","","none","","","available",""
"FAAS-099","07_Facility_System/Locations/sub_level.mp3","07_Facility_System","Modular location fragment","Sub-level.","QSERF Voice Lines II FAAS New. - K D (192k).mp3","124.890","125.830","0.940","","on_trigger","","none","","","available",""
"FAAS-100","07_Facility_System/Locations/tartarus_zone.mp3","07_Facility_System","Modular location","Tartarus Zone.","QSERF Voice Lines II FAAS New. - K D (192k).mp3","144.140","145.290","1.150","","on_trigger","","none","","","available",""
"FAAS-101","08_Human_Announcements/01_intercom_accident.mp3","08_Human_Announcements","Ambient/random announcement","Private remark followed by: The intercom is on now, isn't it?","QSERF Voice Lines II Audios HumanAnnouncements. - K D (192k).mp3","2.780","16.900","14.120","","on_trigger","","none","","","available",""
"FAAS-102","08_Human_Announcements/02_report_inspectors_to_supervisor.mp3","08_Human_Announcements","Ambient/random announcement","Report inspectors, law enforcement, journalists, or regulators to your supervisor.","QSERF Voice Lines II Audios HumanAnnouncements. - K D (192k).mp3","17.820","49.520","31.700","","on_trigger","","none","","","available",""
"FAAS-103","08_Human_Announcements/03_weekly_DMR_report_due_midnight.mp3","08_Human_Announcements","Ambient/random announcement","Weekly DMR report is due by midnight.","QSERF Voice Lines II Audios HumanAnnouncements. - K D (192k).mp3","50.120","57.650","7.530","","on_trigger","","none","","","available",""
"FAAS-104","08_Human_Announcements/04_trash_bins_are_not_toilets.mp3","08_Human_Announcements","Ambient/random announcement","The trash bins are not toilets.","QSERF Voice Lines II Audios HumanAnnouncements. - K D (192k).mp3","58.230","71.190","12.960","","on_trigger","","none","","","available",""
"FAAS-105","08_Human_Announcements/05_security_stop_shooting_control_room.mp3","08_Human_Announcements","Ambient/random announcement","Security, stop randomly shooting in the control room; maintenance is tired of repairing the window.","QSERF Voice Lines II Audios HumanAnnouncements. - K D (192k).mp3","72.340","87.500","15.160","","on_trigger","","none","","","available",""
"FAAS-106","08_Human_Announcements/06_security_stay_vigilant.mp3","08_Human_Announcements","Ambient/random announcement","Security, stay vigilant and aware of potential threats.","QSERF Voice Lines II Audios HumanAnnouncements. - K D (192k).mp3","87.500","97.560","10.060","","on_trigger","","none","","","available",""
"FAAS-107","08_Human_Announcements/07_employee_bathroom_needs_sink.mp3","08_Human_Announcements","Ambient/random announcement","Request for a sink in the employee bathroom; sanitation reminder.","QSERF Voice Lines II Audios HumanAnnouncements. - K D (192k).mp3","98.220","110.990","12.770","","on_trigger","","none","","","available",""
"FAAS-108","08_Human_Announcements/08_reactor_team_stay_alert_and_energized.mp3","08_Human_Announcements","Ambient/random announcement","Reactor operations: stay alert and energized; tiredness and lack of alertness can make the DMR implode.","QSERF Voice Lines II Audios HumanAnnouncements. - K D (192k).mp3","112.360","132.300","19.940","","on_trigger","","none","","","available",""
"FAAS-109","08_Human_Announcements/09_stop_replacing_my_pens.mp3","08_Human_Announcements","Ambient/random announcement","Whoever keeps replacing my pens, please stop; maintenance has reconstructed the office twice.","QSERF Voice Lines II Audios HumanAnnouncements. - K D (192k).mp3","132.300","142.640","10.340","","on_trigger","","none","","","available",""
"FAAS-110","08_Human_Announcements/10_reactor_alertness_interrupted.mp3","08_Human_Announcements","Ambient/random announcement","Reactor alertness announcement interrupted by a malfunction and shouting.","QSERF Voice Lines II Audios HumanAnnouncements. - K D (192k).mp3","144.160","163.090","18.930","","on_trigger","","none","","","available",""
"FAAS-111","08_Human_Announcements/11_incident_reports_due_midnight.mp3","08_Human_Announcements","Ambient/random announcement","Dr. Weldman requests the week's incident reports before midnight.","QSERF Voice Lines II Audios HumanAnnouncements. - K D (192k).mp3","163.660","181.270","17.610","","on_trigger","","none","","","available",""
"FAAS-112","08_Human_Announcements/12_missing_lunch_threat.mp3","08_Human_Announcements","Ambient/random announcement","Dr. Roberts reports a relocated lunch and threatens whoever did it.","QSERF Voice Lines II Audios HumanAnnouncements. - K D (192k).mp3","181.880","197.090","15.210","","on_trigger","","none","","","available",""
"FAAS-113","08_Human_Announcements/13_not_a_daycare_facility.mp3","08_Human_Announcements","Ambient/random announcement","Who thinks this place is a daycare facility?","QSERF Voice Lines II Audios HumanAnnouncements. - K D (192k).mp3","198.740","210.740","12.000","","on_trigger","","none","","","available",""
"FAAS-114","08_Human_Announcements/14_five_days_accident_free.mp3","08_Human_Announcements","Ambient/random announcement","Dr. Weldman reports five days accident-free.","QSERF Voice Lines II Audios HumanAnnouncements. - K D (192k).mp3","211.560","223.130","11.570","","on_trigger","","none","","","available",""
"FAAS-115","08_Human_Announcements/15_sector_B_problem_call_Dr_Peterson.mp3","08_Human_Announcements","Ambient/random announcement","Dr. Williams reports a new incident in Sector B and calls Dr. Peterson to the office.","QSERF Voice Lines II Audios HumanAnnouncements. - K D (192k).mp3","227.190","244.100","16.910","","on_trigger","","none","","","available",""
"FAAS-116","08_Human_Announcements/16_exhausted_reactor_operators_report_supervisor.mp3","08_Human_Announcements","Ambient/random announcement","Exhausted reactor operators should notify their supervisor immediately.","QSERF Voice Lines II Audios HumanAnnouncements. - K D (192k).mp3","245.130","257.040","11.910","","on_trigger","","none","","","available",""
"FAAS-117","08_Human_Announcements/17_lunch_found_Dr_Kyle_no_longer_works_here.mp3","08_Human_Announcements","Ambient/random announcement","Lunch found; Dr. Kyle no longer works here.","QSERF Voice Lines II Audios HumanAnnouncements. - K D (192k).mp3","258.210","269.420","11.210","","on_trigger","","none","","","available",""
"FAAS-118","08_Human_Announcements/18_receptionist_transfer_control_station_11.mp3","08_Human_Announcements","Personnel transfer","Receptionist Liliana Franks transferred to Control Station 11.","QSERF Voice Lines II Audios HumanAnnouncements. - K D (192k).mp3","270.730","290.150","19.420","","on_trigger","","none","","","available",""
"FAAS-119","08_Human_Announcements/19_doctors_report_control_station_06.mp3","08_Human_Announcements","Personnel call","Dr. Mackenzie Hamilton and Dr. Robert Chang report to Control Station 06.","QSERF Voice Lines II Audios HumanAnnouncements. - K D (192k).mp3","290.740","303.110","12.370","","on_trigger","","none","","","available",""
"FAAS-120","08_Human_Announcements/20_security_report_control_station_01.mp3","08_Human_Announcements","Security dispatch","Security report to Control Station 01 immediately.","QSERF Voice Lines II Audios HumanAnnouncements. - K D (192k).mp3","304.200","319.180","14.980","","on_trigger","","none","","","available",""
"FAAS-121","08_Human_Announcements/21_maintenance_report_pump_station_alpha.mp3","08_Human_Announcements","Maintenance dispatch","Maintenance required at Pump Station Alpha.","QSERF Voice Lines II Audios HumanAnnouncements. - K D (192k).mp3","320.050","333.070","13.020","","on_trigger","","none","","","available",""
"FAAS-122","08_Human_Announcements/22_stolen_coca_cola_bottle.mp3","08_Human_Announcements","Ambient/random announcement","Dr. Weldman's Coca-Cola bottle is missing; return it immediately.","QSERF Voice Lines II Audios HumanAnnouncements. - K D (192k).mp3","334.540","355.560","21.020","","on_trigger","","none","","","available",""
"FAAS-123","08_Human_Announcements/23_coca_cola_found_call_janitorial.mp3","08_Human_Announcements","Ambient/random announcement","Disregard: bottle found on the floor; janitorial requested at Dr. Weldman's office.","QSERF Voice Lines II Audios HumanAnnouncements. - K D (192k).mp3","356.820","369.900","13.080","","on_trigger","","none","","","available",""
"FAAS-124","09_Contextless_Alternate_Versions/ALT_01_intercom_accident.mp3","09_Contextless_Alternate_Versions","Optional alternate","Alternate private remark / intercom accident.","QSERF Announcements But Enigma Ate The Context - RingoInERLC (192k).mp3","3.110","17.020","13.910","","on_trigger","","none","","","available",""
"FAAS-125","09_Contextless_Alternate_Versions/ALT_02_stop_replacing_my_pens.mp3","09_Contextless_Alternate_Versions","Optional alternate","Alternate pen replacement complaint.","QSERF Announcements But Enigma Ate The Context - RingoInERLC (192k).mp3","17.750","28.050","10.300","","on_trigger","","none","","","available",""
"FAAS-126","09_Contextless_Alternate_Versions/ALT_03_reactor_team_stay_alert.mp3","09_Contextless_Alternate_Versions","Optional alternate","Alternate reactor operations stay-alert announcement.","QSERF Announcements But Enigma Ate The Context - RingoInERLC (192k).mp3","29.580","39.270","9.690","","on_trigger","","none","","","available",""
"FAAS-127","09_Contextless_Alternate_Versions/ALT_04_reactor_alertness_interrupted.mp3","09_Contextless_Alternate_Versions","Optional alternate","Alternate interrupted reactor alertness fragment.","QSERF Announcements But Enigma Ate The Context - RingoInERLC (192k).mp3","39.980","48.190","8.210","","on_trigger","","none","","","available",""
"FAAS-128","09_Contextless_Alternate_Versions/ALT_05_not_a_daycare_facility.mp3","09_Contextless_Alternate_Versions","Optional alternate","Alternate daycare facility complaint.","QSERF Announcements But Enigma Ate The Context - RingoInERLC (192k).mp3","49.010","59.730","10.720","","on_trigger","","none","","","available",""
"FAAS-129","09_Contextless_Alternate_Versions/ALT_06_sector_B_problem.mp3","09_Contextless_Alternate_Versions","Optional alternate","Alternate Dr. Williams Sector B incident line.","QSERF Announcements But Enigma Ate The Context - RingoInERLC (192k).mp3","60.640","71.120","10.480","","on_trigger","","none","","","available",""
"FAAS-130","09_Contextless_Alternate_Versions/ALT_07_stolen_coca_cola_bottle.mp3","09_Contextless_Alternate_Versions","Optional alternate","Alternate missing Coca-Cola bottle announcement.","QSERF Announcements But Enigma Ate The Context - RingoInERLC (192k).mp3","72.590","93.610","21.020","","on_trigger","","none","","","available",""
"FAAS-131","09_Contextless_Alternate_Versions/ALT_08_coca_cola_found_call_janitorial.mp3","09_Contextless_Alternate_Versions","Optional alternate","Alternate bottle-found and janitorial announcement.","QSERF Announcements But Enigma Ate The Context - RingoInERLC (192k).mp3","94.860","107.460","12.600","","on_trigger","","none","","","available",""
"FAAS-132","03_Maintenance/Combination_Tokens/fuel_cell.mp3","03_Maintenance","Combination prefix","Fuel cell.","QSERF Voice Lines II FAAS Maintenance. - K D (192k).mp3","20.080","21.100","1.020","","on_trigger","","none","","","available",""
"FAAS-133","03_Maintenance/Combination_Tokens/number_1.mp3","03_Maintenance","Combination number token","One.","QSERF Voice Lines II FAAS Maintenance. - K D (192k).mp3","1.100","1.750","0.650","","on_trigger","","none","","","available",""
"FAAS-134","03_Maintenance/Combination_Tokens/number_2.mp3","03_Maintenance","Combination number token","Two.","QSERF Voice Lines II FAAS Maintenance. - K D (192k).mp3","3.360","4.050","0.690","","on_trigger","","none","","","available",""
"FAAS-135","03_Maintenance/Combination_Tokens/number_3.mp3","03_Maintenance","Combination number token","Three.","QSERF Voice Lines II FAAS Maintenance. - K D (192k).mp3","5.150","6.080","0.930","","on_trigger","","none","","","available",""
"FAAS-136","03_Maintenance/Combined_Status/fuel_cell_1_locked.mp3","03_Maintenance","Preferred ready-to-play combination","Fuel cell one locked.","Composite from QSERF Voice Lines II FAAS Maintenance. - K D (192k).mp3","","","2.200","","on_trigger","","none","","","available",""
"FAAS-137","03_Maintenance/Combined_Status/fuel_cell_1_unlocked.mp3","03_Maintenance","Preferred ready-to-play combination","Fuel cell one unlocked.","Composite from QSERF Voice Lines II FAAS Maintenance. - K D (192k).mp3","","","2.450","","on_trigger","","none","","","available",""
"FAAS-138","03_Maintenance/Combined_Status/fuel_cell_2_locked.mp3","03_Maintenance","Preferred ready-to-play combination","Fuel cell two locked.","Composite from QSERF Voice Lines II FAAS Maintenance. - K D (192k).mp3","","","2.240","","on_trigger","","none","","","available",""
"FAAS-139","03_Maintenance/Combined_Status/fuel_cell_2_unlocked.mp3","03_Maintenance","Preferred ready-to-play combination","Fuel cell two unlocked.","Composite from QSERF Voice Lines II FAAS Maintenance. - K D (192k).mp3","","","2.490","","on_trigger","","none","","","available",""
"FAAS-140","03_Maintenance/Combined_Status/fuel_cell_3_locked.mp3","03_Maintenance","Preferred ready-to-play combination","Fuel cell three locked.","Composite from QSERF Voice Lines II FAAS Maintenance. - K D (192k).mp3","","","2.480","","on_trigger","","none","","","available",""
"FAAS-141","03_Maintenance/Combined_Status/fuel_cell_3_unlocked.mp3","03_Maintenance","Preferred ready-to-play combination","Fuel cell three unlocked.","Composite from QSERF Voice Lines II FAAS Maintenance. - K D (192k).mp3","","","2.730","","on_trigger","","none","","","available",""
